"Species","Treatment","Rep","DAT","Hypocotyl_Coleoptile","Radicle"
"Dandelion","NonFert",1,"D14",1.77,21.54
"Dandelion","NonFert",1,"D14",2.41,22.38
"Dandelion","NonFert",1,"D14",1.5,26.19
"Dandelion","NonFert",1,"D14",2.07,16.25
"Dandelion","NonFert",1,"D14",1.67,29.33
"Dandelion","NonFert",1,"D14",1.67,14.08
"Dandelion","NonFert",1,"D14",1.57,15.27
"Dandelion","NonFert",1,"D14",1.46,17.46
"Dandelion","NonFert",1,"D14",2.01,13.71
"Dandelion","NonFert",1,"D14",2.01,15.07
"Dandelion","NonFert",1,"D14",1.57,13.86
"Dandelion","NonFert",1,"D14",2.04,26.57
"Dandelion","NonFert",1,"D14",1.84,16.93
"Dandelion","NonFert",1,"D14",1.84,16.49
"Dandelion","NonFert",1,"D14",1.77,16.49
"Dandelion","NonFert",1,"D14",1.41,11.2
"Dandelion","NonFert",2,"D14",2.12,25.9
"Dandelion","NonFert",2,"D14",1.67,14.03
"Dandelion","NonFert",2,"D14",1.63,25.24
"Dandelion","NonFert",2,"D14",1.74,24.12
"Dandelion","NonFert",2,"D14",1.28,17.09
"Dandelion","NonFert",2,"D14",2.07,26
"Dandelion","NonFert",2,"D14",1.53,25.09
"Dandelion","NonFert",2,"D14",1.44,12.36
"Dandelion","NonFert",2,"D14",1.25,18.75
"Dandelion","NonFert",2,"D14",2.1,15.46
"Dandelion","NonFert",2,"D14",1.4,12.14
"Dandelion","NonFert",2,"D14",1.62,23
"Dandelion","NonFert",2,"D14",1.64,27.68
"Dandelion","NonFert",2,"D14",1.24,17.51
"Dandelion","NonFert",2,"D14",2.01,34.45
"Dandelion","NonFert",2,"D14",1.55,19.29
"Dandelion","NonFert",2,"D14",1.27,16.69
"Dandelion","NonFert",2,"D14",1.29,17.41
"Dandelion","NonFert",3,"D14",1.39,20.54
"Dandelion","NonFert",3,"D14",1.74,23.12
"Dandelion","NonFert",3,"D14",1.13,25.4
"Dandelion","NonFert",3,"D14",1.64,16.48
"Dandelion","NonFert",3,"D14",1.03,28.34
"Dandelion","NonFert",3,"D14",1.68,24.45
"Dandelion","NonFert",3,"D14",1.29,24.28
"Dandelion","NonFert",3,"D14",1.39,32.95
"Dandelion","NonFert",3,"D14",1.34,27.56
"Dandelion","NonFert",3,"D14",1.48,28.94
"Dandelion","NonFert",3,"D14",1.31,23.75
"Dandelion","NonFert",3,"D14",1.48,2.97
"Dandelion","NonFert",3,"D14",1.71,12.43
"Dandelion","NonFert",3,"D14",1.57,24.76
"Dandelion","NonFert",3,"D14",1.61,11.68
"Dandelion","NonFert",3,"D14",2.25,6
"Dandelion","NonFert",4,"D14",1.05,7.38
"Dandelion","NonFert",4,"D14",1.49,17.08
"Dandelion","NonFert",4,"D14",1.47,9.79
"Dandelion","NonFert",4,"D14",1.33,33.44
"Dandelion","NonFert",4,"D14",1.24,15.39
"Dandelion","NonFert",4,"D14",1.32,11.86
"Dandelion","NonFert",4,"D14",1.02,8
"Dandelion","NonFert",4,"D14",1.25,8.87
"Dandelion","NonFert",4,"D14",1.45,27.99
"Dandelion","NonFert",4,"D14",1.7,12
"Dandelion","NonFert",4,"D14",1.74,31.01
"Dandelion","NonFert",4,"D14",1.47,15.25
"Dandelion","NonFert",4,"D14",1.62,10.68
"Dandelion","NonFert",4,"D14",1.07,21.99
"Dandelion","NonFert",4,"D14",1.49,18.27
"Dandelion","NonFert",4,"D14",1.68,15.45
"Dandelion","NonFert",4,"D14",1.61,14.91
"Dandelion","NonFert",4,"D14",1.24,10.22
"Dandelion","Wicked",1,"D14",1.66,21.66
"Dandelion","Wicked",1,"D14",1.55,12.04
"Dandelion","Wicked",1,"D14",1.6,22.3
"Dandelion","Wicked",1,"D14",1.85,10.78
"Dandelion","Wicked",1,"D14",1.19,28.87
"Dandelion","Wicked",1,"D14",1.6,26.5
"Dandelion","Wicked",1,"D14",1.84,6.5
"Dandelion","Wicked",1,"D14",1.41,18.49
"Dandelion","Wicked",1,"D14",1.81,10.54
"Dandelion","Wicked",1,"D14",1.79,17.97
"Dandelion","Wicked",1,"D14",2,7.28
"Dandelion","Wicked",1,"D14",1.53,12.68
"Dandelion","Wicked",1,"D14",1.3,8
"Dandelion","Wicked",1,"D14",1.04,12
"Dandelion","Wicked",1,"D14",2.1,12.31
"Dandelion","Wicked",1,"D14",1.34,7.54
"Dandelion","Wicked",1,"D14",1.31,13.09
"Dandelion","Wicked",1,"D14",1.73,5.53
"Dandelion","Wicked",2,"D14",1.3,28.32
"Dandelion","Wicked",2,"D14",1.6,16.21
"Dandelion","Wicked",2,"D14",1.45,17.26
"Dandelion","Wicked",2,"D14",1.73,23.76
"Dandelion","Wicked",2,"D14",1.35,16.35
"Dandelion","Wicked",2,"D14",1.54,28.15
"Dandelion","Wicked",2,"D14",1.32,19.98
"Dandelion","Wicked",2,"D14",1.07,24.27
"Dandelion","Wicked",2,"D14",1.57,22.56
"Dandelion","Wicked",2,"D14",1.87,16.92
"Dandelion","Wicked",2,"D14",1.38,8.39
"Dandelion","Wicked",2,"D14",1.65,12.97
"Dandelion","Wicked",2,"D14",1.68,8.5
"Dandelion","Wicked",2,"D14",1.28,5.57
"Dandelion","Wicked",3,"D14",1.38,25.67
"Dandelion","Wicked",3,"D14",1.71,28
"Dandelion","Wicked",3,"D14",1.74,32.73
"Dandelion","Wicked",3,"D14",1.5,18.98
"Dandelion","Wicked",3,"D14",1.28,16.14
"Dandelion","Wicked",3,"D14",1.5,24.24
"Dandelion","Wicked",3,"D14",1.76,16.43
"Dandelion","Wicked",3,"D14",1.6,18.1
"Dandelion","Wicked",3,"D14",1.93,16.49
"Dandelion","Wicked",3,"D14",1.34,20.34
"Dandelion","Wicked",3,"D14",1.41,12.4
"Dandelion","Wicked",3,"D14",1.8,25.17
"Dandelion","Wicked",3,"D14",1.65,15.79
"Dandelion","Wicked",3,"D14",1.47,7.67
"Dandelion","Wicked",3,"D14",1.44,24.76
"Dandelion","Wicked",3,"D14",1.68,29.41
"Dandelion","Wicked",3,"D14",1.89,13
"Dandelion","Wicked",4,"D14",1.57,25.43
"Dandelion","Wicked",4,"D14",2.11,16.12
"Dandelion","Wicked",4,"D14",1.83,30.05
"Dandelion","Wicked",4,"D14",2.3,21.15
"Dandelion","Wicked",4,"D14",1.15,14.17
"Dandelion","Wicked",4,"D14",1.67,16.49
"Dandelion","Wicked",4,"D14",1.19,20.51
"Dandelion","Wicked",4,"D14",1.4,7.7
"Dandelion","Wicked",4,"D14",1.19,12.22
"Dandelion","Wicked",4,"D14",1.73,8.75
"Dandelion","Wicked",4,"D14",1.72,16
"Dandelion","Wicked",4,"D14",1.87,28.7
"Dandelion","Wicked",4,"D14",1.49,30
"Dandelion","Wicked",4,"D14",1.66,7.27
"Dandelion","Wicked",4,"D14",1.31,9.8
"Dandelion","Radar",1,"D14",1.75,18.31
"Dandelion","Radar",1,"D14",2.18,23.14
"Dandelion","Radar",1,"D14",1.8,24.15
"Dandelion","Radar",1,"D14",1.55,21.58
"Dandelion","Radar",1,"D14",1.91,32.83
"Dandelion","Radar",1,"D14",2.08,21.52
"Dandelion","Radar",1,"D14",1.19,27.21
"Dandelion","Radar",1,"D14",1.38,27
"Dandelion","Radar",1,"D14",1.86,21.93
"Dandelion","Radar",1,"D14",1.81,10.49
"Dandelion","Radar",1,"D14",1.66,16.16
"Dandelion","Radar",1,"D14",1.43,16.91
"Dandelion","Radar",1,"D14",1.93,10.77
"Dandelion","Radar",1,"D14",1.63,25.84
"Dandelion","Radar",1,"D14",1.73,14.33
"Dandelion","Radar",1,"D14",2.24,17.05
"Dandelion","Radar",2,"D14",1.59,21.07
"Dandelion","Radar",2,"D14",1.34,20.62
"Dandelion","Radar",2,"D14",1.64,9.15
"Dandelion","Radar",2,"D14",1.27,12.6
"Dandelion","Radar",2,"D14",2.1,13.99
"Dandelion","Radar",2,"D14",1.47,10.18
"Dandelion","Radar",3,"D14",1.37,46.76
"Dandelion","Radar",3,"D14",1.69,18.4
"Dandelion","Radar",3,"D14",1.25,26.19
"Dandelion","Radar",3,"D14",1.36,23.83
"Dandelion","Radar",3,"D14",1.52,24.17
"Dandelion","Radar",3,"D14",1.55,21.52
"Dandelion","Radar",3,"D14",1.45,24.31
"Dandelion","Radar",3,"D14",1.69,16.05
"Dandelion","Radar",3,"D14",1.11,10
"Dandelion","Radar",3,"D14",1.41,5.42
"Dandelion","Radar",4,"D14",1.3,32.27
"Dandelion","Radar",4,"D14",1.57,24.65
"Dandelion","Radar",4,"D14",1.29,29.82
"Dandelion","Radar",4,"D14",1.33,31.2
"Dandelion","Radar",4,"D14",1.84,14.19
"Dandelion","Radar",4,"D14",1.41,14.5
"Dandelion","Radar",4,"D14",1.63,18.36
"Dandelion","Radar",4,"D14",1.11,24.47
"Dandelion","Radar",4,"D14",1.52,22.18
"Dandelion","Radar",4,"D14",1.37,14.2
"Dandelion","Radar",4,"D14",1.37,19.94
"Dandelion","Radar",4,"D14",1.39,20.33
"Dandelion","Radar",4,"D14",1.5,13.12
"Dandelion","Radar",4,"D14",0.94,17.2
"Dandelion","Radar",4,"D14",1.48,22.6
"Dandelion","Radar",4,"D14",1.94,15
"Dandelion","DI Water",1,"D14",1.24,30
"Dandelion","DI Water",1,"D14",1.13,15
"Dandelion","DI Water",1,"D14",1.47,34
"Dandelion","DI Water",1,"D14",1.62,21.95
"Dandelion","DI Water",1,"D14",1.99,10.36
"Dandelion","DI Water",1,"D14",1.3,8.69
"Dandelion","DI Water",1,"D14",1.27,35
"Dandelion","DI Water",1,"D14",1.46,21.66
"Dandelion","DI Water",1,"D14",0.99,4.01
"Dandelion","DI Water",1,"D14",1.82,21.6
"Dandelion","DI Water",1,"D14",1.71,39.09
"Dandelion","DI Water",1,"D14",2.1,40
"Dandelion","DI Water",1,"D14",1.45,24
"Dandelion","DI Water",1,"D14",1.7,7.2
"Dandelion","DI Water",1,"D14",1.46,16.02
"Dandelion","DI Water",2,"D14",1.67,30
"Dandelion","DI Water",2,"D14",2,16.37
"Dandelion","DI Water",2,"D14",1.29,26.79
"Dandelion","DI Water",2,"D14",1.67,18.23
"Dandelion","DI Water",2,"D14",1.46,24
"Dandelion","DI Water",2,"D14",1.74,35
"Dandelion","DI Water",2,"D14",1.21,23.2
"Dandelion","DI Water",2,"D14",1.65,34.14
"Dandelion","DI Water",2,"D14",1.23,24.55
"Dandelion","DI Water",2,"D14",1.24,13.82
"Dandelion","DI Water",2,"D14",1.46,7.11
"Dandelion","DI Water",2,"D14",1.58,21.28
"Dandelion","DI Water",3,"D14",1.64,17.82
"Dandelion","DI Water",3,"D14",1.13,21.84
"Dandelion","DI Water",3,"D14",1.88,16.19
"Dandelion","DI Water",3,"D14",1.79,25
"Dandelion","DI Water",3,"D14",1.52,18.32
"Dandelion","DI Water",3,"D14",2.1,17.16
"Dandelion","DI Water",3,"D14",2,18
"Dandelion","DI Water",3,"D14",1.38,17.59
"Dandelion","DI Water",3,"D14",1.38,21
"Dandelion","DI Water",3,"D14",1.8,18.89
"Dandelion","DI Water",3,"D14",1.82,26.19
"Dandelion","DI Water",3,"D14",1.91,18.09
"Dandelion","DI Water",3,"D14",1.33,6.17
"Dandelion","DI Water",3,"D14",1.56,16.74
"Dandelion","DI Water",3,"D14",1.73,25.74
"Dandelion","DI Water",3,"D14",1.96,19.47
"Dandelion","DI Water",3,"D14",1.28,6.05
"Dandelion","DI Water",3,"D14",1.25,9.93
"Dandelion","DI Water",3,"D14",1.63,10.62
"Dandelion","DI Water",3,"D14",1.55,13.79
"Dandelion","DI Water",3,"D14",1.37,14.72
"Dandelion","DI Water",4,"D14",1.6,20.7
"Dandelion","DI Water",4,"D14",1.74,31.27
"Dandelion","DI Water",4,"D14",1.88,18.57
"Dandelion","DI Water",4,"D14",1.22,14.54
"Dandelion","DI Water",4,"D14",1.58,13
"Dandelion","DI Water",4,"D14",1.41,32.83
"Dandelion","DI Water",4,"D14",1.69,16.46
"Dandelion","DI Water",4,"D14",1.97,21.11
"Dandelion","DI Water",4,"D14",1.42,32.36
"Dandelion","DI Water",4,"D14",1.81,26.88
"Dandelion","DI Water",4,"D14",1.22,21.08
"Dandelion","DI Water",4,"D14",1.39,11
"Dandelion","DI Water",4,"D14",1.7,12.08
"Dandelion","Seamist",1,"D14",1.65,31.25
"Dandelion","Seamist",1,"D14",2.13,30
"Dandelion","Seamist",1,"D14",1.56,39.54
"Dandelion","Seamist",1,"D14",1.85,20.99
"Dandelion","Seamist",1,"D14",1.49,19.11
"Dandelion","Seamist",1,"D14",1.36,16.21
"Dandelion","Seamist",1,"D14",1.42,18.86
"Dandelion","Seamist",1,"D14",1.52,28.92
"Dandelion","Seamist",1,"D14",2.08,21.27
"Dandelion","Seamist",1,"D14",1.37,29.13
"Dandelion","Seamist",1,"D14",1.62,24.91
"Dandelion","Seamist",1,"D14",1.9,31.04
"Dandelion","Seamist",1,"D14",1.04,17.47
"Dandelion","Seamist",1,"D14",2.02,14.72
"Dandelion","Seamist",1,"D14",1.7,22.27
"Dandelion","Seamist",1,"D14",1.91,14.15
"Dandelion","Seamist",1,"D14",1.45,12.89
"Dandelion","Seamist",1,"D14",1.16,24.2
"Dandelion","Seamist",2,"D14",1.4,20.4
"Dandelion","Seamist",2,"D14",1.82,16.52
"Dandelion","Seamist",2,"D14",1.83,22.04
"Dandelion","Seamist",2,"D14",1.52,17.26
"Dandelion","Seamist",2,"D14",1.89,33.71
"Dandelion","Seamist",2,"D14",1.49,24.18
"Dandelion","Seamist",2,"D14",1.14,28.85
"Dandelion","Seamist",2,"D14",1.71,15.95
"Dandelion","Seamist",2,"D14",1.75,15.34
"Dandelion","Seamist",2,"D14",1.48,23.72
"Dandelion","Seamist",2,"D14",1.63,19.7
"Dandelion","Seamist",2,"D14",1.33,19.41
"Dandelion","Seamist",2,"D14",1.29,20.93
"Dandelion","Seamist",2,"D14",1.35,16.48
"Dandelion","Seamist",2,"D14",1.92,9.92
"Dandelion","Seamist",2,"D14",1.47,10.37
"Dandelion","Seamist",2,"D14",1.46,7.4
"Dandelion","Seamist",2,"D14",1.14,7.41
"Dandelion","Seamist",2,"D14",1.7,14.5
"Dandelion","Seamist",2,"D14",1.92,24.33
"Dandelion","Seamist",3,"D14",1.45,28
"Dandelion","Seamist",3,"D14",1.63,32
"Dandelion","Seamist",3,"D14",1.58,27.57
"Dandelion","Seamist",3,"D14",1.69,31.27
"Dandelion","Seamist",3,"D14",0.87,27
"Dandelion","Seamist",3,"D14",1.89,8.69
"Dandelion","Seamist",3,"D14",1.52,15.64
"Dandelion","Seamist",3,"D14",1.41,13.86
"Dandelion","Seamist",3,"D14",1.45,9.89
"Dandelion","Seamist",3,"D14",1.53,11.5
"Dandelion","Seamist",3,"D14",1.2,12.7
"Dandelion","Seamist",3,"D14",1.17,11.71
"Dandelion","Seamist",4,"D14",1.77,30.29
"Dandelion","Seamist",4,"D14",1.53,35.91
"Dandelion","Seamist",4,"D14",1.49,28
"Dandelion","Seamist",4,"D14",1.74,13.22
"Dandelion","Seamist",4,"D14",2.19,30.34
"Dandelion","Seamist",4,"D14",0.97,23.75
"Dandelion","Seamist",4,"D14",1.62,13.07
"Dandelion","Seamist",4,"D14",1.5,15.26
"Dandelion","Seamist",4,"D14",1.69,12.63
"Dandelion","Seamist",4,"D14",1.96,15
"Dandelion","Seamist",4,"D14",1.39,10.19
"Dandelion","Seamist",4,"D14",1.17,12.23
"Dandelion","Seamist",4,"D14",1.69,7.12
"Dandelion","Fertilized",1,"D14",1.68,28.86
"Dandelion","Fertilized",1,"D14",1.7,29.05
"Dandelion","Fertilized",1,"D14",2.11,42.6
"Dandelion","Fertilized",1,"D14",1.57,15.23
"Dandelion","Fertilized",1,"D14",1.61,15.23
"Dandelion","Fertilized",1,"D14",1.39,15
"Dandelion","Fertilized",1,"D14",1.82,20
"Dandelion","Fertilized",1,"D14",2.07,20.6
"Dandelion","Fertilized",1,"D14",1.52,24.65
"Dandelion","Fertilized",1,"D14",1.56,18.65
"Dandelion","Fertilized",1,"D14",1.2,11
"Dandelion","Fertilized",1,"D14",1.72,35
"Dandelion","Fertilized",1,"D14",1.43,25
"Dandelion","Fertilized",1,"D14",1.4,16
"Dandelion","Fertilized",1,"D14",1.37,8
"Dandelion","Fertilized",1,"D14",1.02,9
"Dandelion","Fertilized",1,"D14",1.16,12.37
"Dandelion","Fertilized",2,"D14",1.49,20.23
"Dandelion","Fertilized",2,"D14",2.41,23.32
"Dandelion","Fertilized",2,"D14",1.63,9.97
"Dandelion","Fertilized",2,"D14",1.42,23.54
"Dandelion","Fertilized",2,"D14",1.64,21.1
"Dandelion","Fertilized",2,"D14",1.65,24.33
"Dandelion","Fertilized",2,"D14",1.62,25.47
"Dandelion","Fertilized",2,"D14",1.75,24.69
"Dandelion","Fertilized",2,"D14",1.43,29.29
"Dandelion","Fertilized",2,"D14",1.41,9.11
"Dandelion","Fertilized",2,"D14",1.4,7.23
"Dandelion","Fertilized",2,"D14",1.26,10
"Dandelion","Fertilized",2,"D14",1.42,17
"Dandelion","Fertilized",2,"D14",1.46,4.68
"Dandelion","Fertilized",2,"D14",1.87,7.43
"Dandelion","Fertilized",2,"D14",1.88,9.67
"Dandelion","Fertilized",2,"D14",1.78,5.5
"Dandelion","Fertilized",2,"D14",1.7,5.35
"Dandelion","Fertilized",2,"D14",1.66,6.76
"Dandelion","Fertilized",2,"D14",1.93,5.49
"Dandelion","Fertilized",2,"D14",1.75,5.5
"Dandelion","Fertilized",3,"D14",1.25,21.9
"Dandelion","Fertilized",3,"D14",1.53,30.07
"Dandelion","Fertilized",3,"D14",1.24,25
"Dandelion","Fertilized",3,"D14",1.43,30
"Dandelion","Fertilized",3,"D14",2.29,3.6
"Dandelion","Fertilized",3,"D14",1.7,17.55
"Dandelion","Fertilized",3,"D14",1.74,18.3
"Dandelion","Fertilized",3,"D14",1.67,17.36
"Dandelion","Fertilized",3,"D14",1.71,24.62
"Dandelion","Fertilized",3,"D14",2.01,18.24
"Dandelion","Fertilized",3,"D14",1.6,17.62
"Dandelion","Fertilized",3,"D14",1.94,15
"Dandelion","Fertilized",3,"D14",1.37,10
"Dandelion","Fertilized",3,"D14",1.6,13.3
"Dandelion","Fertilized",3,"D14",2.3,6.8
"Dandelion","Fertilized",3,"D14",2,6.5
"Dandelion","Fertilized",3,"D14",1.45,4.11
"Dandelion","Fertilized",4,"D14",1.14,38.41
"Dandelion","Fertilized",4,"D14",1.44,14.21
"Dandelion","Fertilized",4,"D14",1.29,31.92
"Dandelion","Fertilized",4,"D14",1.64,27.91
"Dandelion","Fertilized",4,"D14",1.86,23.65
"Dandelion","Fertilized",4,"D14",1.14,9.94
"Dandelion","Fertilized",4,"D14",1.56,26.47
"Dandelion","Fertilized",4,"D14",1.92,24
"Dandelion","Fertilized",4,"D14",1.8,23.37
"Dandelion","Fertilized",4,"D14",1.54,29.71
"Dandelion","Fertilized",4,"D14",1.48,32.14
"Dandelion","Fertilized",4,"D14",1.5,13.91
"Dandelion","Fertilized",4,"D14",1.74,12
"Dandelion","Fertilized",4,"D14",2,14
"Dandelion","Cardinal",1,"D14",1.33,27
"Dandelion","Cardinal",1,"D14",1.5,18.21
"Dandelion","Cardinal",1,"D14",1.89,28.29
"Dandelion","Cardinal",1,"D14",1.72,13.34
"Dandelion","Cardinal",1,"D14",1.72,20.67
"Dandelion","Cardinal",1,"D14",1.81,20.2
"Dandelion","Cardinal",1,"D14",1.34,18.33
"Dandelion","Cardinal",1,"D14",1.88,28.27
"Dandelion","Cardinal",1,"D14",1.52,16.52
"Dandelion","Cardinal",1,"D14",1.18,13.53
"Dandelion","Cardinal",1,"D14",1.95,15.52
"Dandelion","Cardinal",1,"D14",1.69,19.12
"Dandelion","Cardinal",1,"D14",2.49,19.29
"Dandelion","Cardinal",1,"D14",1.11,9.27
"Dandelion","Cardinal",1,"D14",1.68,6.76
"Dandelion","Cardinal",1,"D14",1.45,11.9
"Dandelion","Cardinal",1,"D14",1.66,7.14
"Dandelion","Cardinal",1,"D14",1.42,3.32
"Dandelion","Cardinal",2,"D14",1.53,34.03
"Dandelion","Cardinal",2,"D14",1.85,27.75
"Dandelion","Cardinal",2,"D14",1.33,25
"Dandelion","Cardinal",2,"D14",1.5,23.83
"Dandelion","Cardinal",2,"D14",1.28,17.54
"Dandelion","Cardinal",2,"D14",1.2,26.79
"Dandelion","Cardinal",2,"D14",1.53,14.32
"Dandelion","Cardinal",2,"D14",1.93,12.19
"Dandelion","Cardinal",2,"D14",1.45,18.62
"Dandelion","Cardinal",2,"D14",1.5,18.47
"Dandelion","Cardinal",2,"D14",1,8.78
"Dandelion","Cardinal",2,"D14",1.16,20
"Dandelion","Cardinal",2,"D14",1.52,14.36
"Dandelion","Cardinal",3,"D14",1.77,28.86
"Dandelion","Cardinal",3,"D14",1.68,13.78
"Dandelion","Cardinal",3,"D14",1.56,12.4
"Dandelion","Cardinal",3,"D14",1.9,9.55
"Dandelion","Cardinal",3,"D14",2.03,11.66
"Dandelion","Cardinal",3,"D14",2.48,6.35
"Dandelion","Cardinal",3,"D14",1.63,9.81
"Dandelion","Cardinal",3,"D14",1.39,3.45
"Dandelion","Cardinal",3,"D14",2.85,6.87
"Dandelion","Cardinal",3,"D14",1.98,6.61
"Dandelion","Cardinal",3,"D14",2.4,5
"Dandelion","Cardinal",3,"D14",1.63,4.48
"Dandelion","Cardinal",3,"D14",1.54,4.72
"Dandelion","Cardinal",3,"D14",1.6,4.5
"Dandelion","Cardinal",4,"D14",1.52,16.21
"Dandelion","Cardinal",4,"D14",1.52,18.3
"Dandelion","Cardinal",4,"D14",1.29,11.96
"Dandelion","Cardinal",4,"D14",1.56,19.46
"Dandelion","Cardinal",4,"D14",1.73,9.27
"Dandelion","Cardinal",4,"D14",1.25,8
"Dandelion","Cardinal",4,"D14",1.88,6.31
"Dandelion","Cardinal",4,"D14",1.32,13.6
"Dandelion","Cardinal",4,"D14",2.12,6
"Dandelion","Cardinal",4,"D14",2.08,8.31
"Dandelion","Cardinal",4,"D14",2.69,5.5
"Dandelion","Jetty",1,"D14",2.23,27.64
"Dandelion","Jetty",1,"D14",1.8,18.87
"Dandelion","Jetty",1,"D14",1.83,24.87
"Dandelion","Jetty",1,"D14",1.57,30.27
"Dandelion","Jetty",1,"D14",1.65,26.34
"Dandelion","Jetty",1,"D14",1.93,33.83
"Dandelion","Jetty",1,"D14",1.3,28.26
"Dandelion","Jetty",1,"D14",1.66,29.25
"Dandelion","Jetty",1,"D14",1.93,26
"Dandelion","Jetty",1,"D14",1.57,11.65
"Dandelion","Jetty",1,"D14",1.11,31
"Dandelion","Jetty",1,"D14",2.5,25.38
"Dandelion","Jetty",1,"D14",1.56,16.17
"Dandelion","Jetty",1,"D14",1.57,15.83
"Dandelion","Jetty",1,"D14",1.58,17.74
"Dandelion","Jetty",1,"D14",1.07,12.54
"Dandelion","Jetty",1,"D14",1.42,2.21
"Dandelion","Jetty",2,"D14",1.64,22.4
"Dandelion","Jetty",2,"D14",1.41,22.88
"Dandelion","Jetty",2,"D14",1.28,24.2
"Dandelion","Jetty",2,"D14",1.78,18.66
"Dandelion","Jetty",2,"D14",1.5,26
"Dandelion","Jetty",2,"D14",1.96,19.39
"Dandelion","Jetty",2,"D14",1.58,28.49
"Dandelion","Jetty",2,"D14",1.71,12.6
"Dandelion","Jetty",2,"D14",1.63,42.57
"Dandelion","Jetty",2,"D14",1.34,31.22
"Dandelion","Jetty",2,"D14",2,15.4
"Dandelion","Jetty",2,"D14",1.18,28.8
"Dandelion","Jetty",2,"D14",1.87,10.9
"Dandelion","Jetty",2,"D14",1.87,18.44
"Dandelion","Jetty",3,"D14",1.77,29.22
"Dandelion","Jetty",3,"D14",1.63,26.93
"Dandelion","Jetty",3,"D14",2.04,40.54
"Dandelion","Jetty",3,"D14",1.61,13.53
"Dandelion","Jetty",3,"D14",1.54,21.52
"Dandelion","Jetty",3,"D14",2,15.11
"Dandelion","Jetty",3,"D14",1.66,32.17
"Dandelion","Jetty",3,"D14",1.66,23.46
"Dandelion","Jetty",3,"D14",1.03,26.5
"Dandelion","Jetty",3,"D14",2.16,23.46
"Dandelion","Jetty",3,"D14",1.93,18.86
"Dandelion","Jetty",3,"D14",2.5,22.6
"Dandelion","Jetty",3,"D14",2.28,10.9
"Dandelion","Jetty",3,"D14",1.44,22
"Dandelion","Jetty",3,"D14",1.98,17
"Dandelion","Jetty",3,"D14",1.77,20
"Dandelion","Jetty",3,"D14",1.95,10.21
"Dandelion","Jetty",3,"D14",1.85,25
"Dandelion","Jetty",3,"D14",2,6
"Dandelion","Jetty",4,"D14",1.92,31.14
"Dandelion","Jetty",4,"D14",2.02,26.86
"Dandelion","Jetty",4,"D14",1.23,21.66
"Dandelion","Jetty",4,"D14",1.79,18.6
"Dandelion","Jetty",4,"D14",1.21,16.17
"Dandelion","Jetty",4,"D14",1.88,17.13
"Dandelion","Jetty",4,"D14",1.44,15
"Dandelion","Jetty",4,"D14",1.25,18.74
"Dandelion","Jetty",4,"D14",0.87,24.75
"Dandelion","Jetty",4,"D14",1.31,25.56
"Dandelion","Jetty",4,"D14",1.89,25.13
"Dandelion","Jetty",4,"D14",1.9,25.84
"Dandelion","Jetty",4,"D14",2.11,26
"Dandelion","Jetty",4,"D14",1.44,30.1
"Dandelion","Jetty",4,"D14",2.14,14.6
"Dandelion","Jetty",4,"D14",1.45,9.4
"Dandelion","Jetty",4,"D14",1.15,16
"Dandelion","Jetty",4,"D14",1.61,22.32
"Dandelion","Jetty",4,"D14",1.9,6.8
"Dandelion","Radar",1,"D21",1.66,13.11
"Dandelion","Radar",1,"D21",2.82,12
"Dandelion","Radar",1,"D21",1.9,7.28
"Dandelion","Radar",1,"D21",2.97,13.12
"Dandelion","Radar",1,"D21",3.55,16.06
"Dandelion","Radar",1,"D21",2.22,6.21
"Dandelion","Radar",1,"D21",1.81,6.03
"Dandelion","Radar",1,"D21",3.1,15.09
"Dandelion","Radar",1,"D21",1.24,4.58
"Dandelion","Radar",2,"D21",2.42,36.51
"Dandelion","Radar",2,"D21",1.06,1.9
"Dandelion","Radar",2,"D21",2.57,18.6
"Dandelion","Radar",2,"D21",2.56,19.55
"Dandelion","Radar",2,"D21",1.55,2.35
"Dandelion","Radar",2,"D21",3.59,11.98
"Dandelion","Radar",2,"D21",2.28,17.26
"Dandelion","Radar",2,"D21",1.64,2.81
"Dandelion","Radar",2,"D21",1.75,16.8
"Dandelion","Radar",2,"D21",3.12,18.87
"Dandelion","Radar",2,"D21",1.44,8.75
"Dandelion","Radar",2,"D21",3.08,12.19
"Dandelion","Radar",2,"D21",2.62,17.89
"Dandelion","Radar",2,"D21",1.78,19.5
"Dandelion","Radar",2,"D21",3.25,17.95
"Dandelion","Radar",2,"D21",2.15,10.23
"Dandelion","Radar",2,"D21",2.25,6.36
"Dandelion","Radar",2,"D21",2.89,12.09
"Dandelion","Radar",2,"D21",2.7,3.36
"Dandelion","Radar",2,"D21",3.38,22.6
"Dandelion","Radar",3,"D21",2.27,8.25
"Dandelion","Radar",3,"D21",1.42,25.01
"Dandelion","Radar",3,"D21",4.64,34.46
"Dandelion","Radar",3,"D21",1.6,11.73
"Dandelion","Radar",3,"D21",1.86,25.18
"Dandelion","Radar",3,"D21",1.8,18.98
"Dandelion","Radar",3,"D21",3.03,6.59
"Dandelion","Radar",3,"D21",0.98,14.31
"Dandelion","Radar",3,"D21",1.71,20.06
"Dandelion","Radar",4,"D21",2.35,41.18
"Dandelion","Radar",4,"D21",4.07,49.69
"Dandelion","Radar",4,"D21",2.65,9.43
"Dandelion","Radar",4,"D21",2.02,17.76
"Dandelion","Cardinal",1,"D21",2.71,4.38
"Dandelion","Cardinal",1,"D21",2.3,32.47
"Dandelion","Cardinal",1,"D21",2.4,9.23
"Dandelion","Cardinal",1,"D21",2.2,12.13
"Dandelion","Cardinal",2,"D21",1.73,1.48
"Dandelion","Cardinal",2,"D21",2.03,4.95
"Dandelion","Cardinal",2,"D21",1.07,4.47
"Dandelion","Cardinal",2,"D21",2.79,7.01
"Dandelion","Cardinal",2,"D21",2.21,8.22
"Dandelion","Cardinal",2,"D21",2.25,4.59
"Dandelion","Cardinal",3,"D21",4.45,19.34
"Dandelion","Cardinal",3,"D21",2.27,12.88
"Dandelion","Cardinal",3,"D21",3.21,24.39
"Dandelion","Cardinal",3,"D21",2.69,14.66
"Dandelion","Cardinal",3,"D21",3.17,15.3
"Dandelion","Cardinal",3,"D21",2.47,5.34
"Dandelion","Cardinal",3,"D21",2.53,17.51
"Dandelion","Cardinal",3,"D21",1.66,27.07
"Dandelion","Cardinal",3,"D21",5.69,51.93
"Dandelion","Cardinal",3,"D21",4.5,6.95
"Dandelion","Cardinal",3,"D21",4.5,4.8
"Dandelion","Cardinal",3,"D21",2.13,3.11
"Dandelion","Cardinal",3,"D21",1.3,2.25
"Dandelion","Cardinal",4,"D21",4.01,28.09
"Dandelion","Cardinal",4,"D21",4.1,13.21
"Dandelion","Cardinal",4,"D21",3.53,50.8
"Dandelion","Cardinal",4,"D21",3.39,36.27
"Dandelion","Cardinal",4,"D21",1.28,1.75
"Dandelion","Cardinal",4,"D21",4.02,9.05
"Dandelion","Cardinal",4,"D21",2.58,36.97
"Dandelion","Cardinal",4,"D21",2.19,30.3
"Dandelion","Cardinal",4,"D21",2.1,24.29
"Dandelion","Cardinal",4,"D21",3.84,20.73
"Dandelion","Jetty",1,"D21",1.75,15.54
"Dandelion","Jetty",1,"D21",1.79,12.93
"Dandelion","Jetty",2,"D21",1.74,7.63
"Dandelion","Jetty",2,"D21",1.93,9.73
"Dandelion","Jetty",2,"D21",1.71,9.44
"Dandelion","Jetty",2,"D21",2.55,29.48
"Dandelion","Jetty",2,"D21",2.29,2.96
"Dandelion","Jetty",2,"D21",1.7,17.06
"Dandelion","Jetty",2,"D21",2.59,22.98
"Dandelion","Jetty",2,"D21",1.3,15.06
"Dandelion","Jetty",2,"D21",1.65,6.98
"Dandelion","Jetty",3,"D21",1.55,20.19
"Dandelion","Jetty",3,"D21",2.13,8.67
"Dandelion","Jetty",3,"D21",2.6,16.77
"Dandelion","Jetty",3,"D21",1.53,9.29
"Dandelion","Jetty",3,"D21",2.09,14.97
"Dandelion","Jetty",4,"D21",2.5,1.3
"Dandelion","Jetty",4,"D21",3.33,19.64
"Dandelion","Jetty",4,"D21",2.49,50.38
"Dandelion","Jetty",4,"D21",2.96,20.16
"Dandelion","Jetty",4,"D21",2.4,45.4
"Dandelion","Jetty",4,"D21",2.31,22.39
"Dandelion","Seamist",1,"D21",3.5,14.92
"Dandelion","Seamist",1,"D21",3.29,0.5
"Dandelion","Seamist",1,"D21",2.52,8.27
"Dandelion","Seamist",1,"D21",1.79,7.79
"Dandelion","Seamist",1,"D21",2.26,1.12
"Dandelion","Seamist",2,"D21",2.4,1.07
"Dandelion","Seamist",2,"D21",2.34,15.11
"Dandelion","Seamist",2,"D21",2.07,5.02
"Dandelion","Seamist",3,"D21",2.8,16.5
"Dandelion","Seamist",3,"D21",1.27,0.5
"Dandelion","Seamist",3,"D21",1.27,0.5
"Dandelion","Seamist",3,"D21",1.79,33.79
"Dandelion","Seamist",3,"D21",2.51,5.99
"Dandelion","Seamist",3,"D21",4.75,5.98
"Dandelion","Seamist",3,"D21",1.8,2.3
"Dandelion","Seamist",3,"D21",2.5,4.5
"Dandelion","Seamist",4,"D21",3.32,14.58
"Dandelion","Seamist",4,"D21",2.22,32.68
"Dandelion","Seamist",4,"D21",2.5,32.83
"Dandelion","Seamist",4,"D21",1.85,47.83
"Dandelion","Seamist",4,"D21",1.6,49.83
"Dandelion","Seamist",4,"D21",2.27,25.77
"Dandelion","Seamist",4,"D21",1.55,11.35
"Dandelion","Seamist",4,"D21",2.06,16.96
"Dandelion","Seamist",4,"D21",3.15,9.22
"Dandelion","Seamist",4,"D21",1.6,6.92
"Dandelion","Seamist",4,"D21",2.25,3.58
"Dandelion","Seamist",4,"D21",1.87,1.26
"Dandelion","Seamist",4,"D21",2.11,3.88
"Dandelion","Wicked",1,"D21",2.64,18.7
"Dandelion","Wicked",1,"D21",2.5,7.4
"Dandelion","Wicked",1,"D21",2.3,12.33
"Dandelion","Wicked",1,"D21",3.5,14.43
"Dandelion","Wicked",1,"D21",1.61,2.89
"Dandelion","Wicked",2,"D21",1.9,1.19
"Dandelion","Wicked",2,"D21",2.23,20.12
"Dandelion","Wicked",2,"D21",2.3,20.82
"Dandelion","Wicked",2,"D21",2.57,38.92
"Dandelion","Wicked",2,"D21",3.2,13.22
"Dandelion","Wicked",2,"D21",1.7,3.86
"Dandelion","Wicked",2,"D21",0.97,1.3
"Dandelion","Wicked",3,"D21",1.83,34.97
"Dandelion","Wicked",3,"D21",2.26,33.99
"Dandelion","Wicked",3,"D21",1.7,24.74
"Dandelion","Wicked",3,"D21",2.38,1.5
"Dandelion","Wicked",3,"D21",1.3,14
"Dandelion","Wicked",3,"D21",1.49,0.5
"Dandelion","NonFert",1,"D21",3.79,12.06
"Dandelion","NonFert",1,"D21",1.76,7.66
"Dandelion","NonFert",1,"D21",2.26,24.66
"Dandelion","NonFert",1,"D21",1.98,13.41
"Dandelion","NonFert",1,"D21",2.14,33.72
"Dandelion","NonFert",1,"D21",5.23,30.13
"Dandelion","NonFert",1,"D21",1.68,18.53
"Dandelion","NonFert",1,"D21",2.4,14.6
"Dandelion","NonFert",2,"D21",2.65,23.48
"Dandelion","NonFert",2,"D21",2.64,39.64
"Dandelion","NonFert",3,"D21",1.51,12.44
"Dandelion","NonFert",3,"D21",3.09,6.48
"Dandelion","NonFert",4,"D21",2.19,26.41
"Dandelion","NonFert",4,"D21",2.64,7.16
"Dandelion","NonFert",4,"D21",1.15,24.66
"Dandelion","DI water",1,"D21",1.54,0.9
"Dandelion","DI water",1,"D21",1.68,7.73
"Dandelion","DI water",1,"D21",1.93,8.38
"Dandelion","DI water",1,"D21",2.32,7.39
"Dandelion","DI water",1,"D21",1.46,47.68
"Dandelion","DI water",1,"D21",1.95,6.3
"Dandelion","DI water",1,"D21",5.16,10.54
"Dandelion","DI water",2,"D21",1.05,23.51
"Dandelion","DI water",2,"D21",1.6,9.06
"Dandelion","DI water",2,"D21",2.69,14.16
"Dandelion","DI water",2,"D21",2.12,12.65
"Dandelion","DI water",2,"D21",3.24,10.74
"Dandelion","DI water",2,"D21",2.6,18.08
"Dandelion","DI water",2,"D21",1.54,3.54
"Dandelion","DI water",3,"D21",2.24,8.52
"Dandelion","DI water",3,"D21",2.54,20.26
"Dandelion","DI water",3,"D21",2.48,15.67
"Dandelion","DI water",3,"D21",1.99,28
"Dandelion","DI water",4,"D21",2.62,35.58
"Dandelion","DI water",4,"D21",1.94,40.13
"Dandelion","DI water",4,"D21",1.61,13.38
"Dandelion","DI water",4,"D21",2.12,50.55
"Dandelion","DI water",4,"D21",3.16,12.3
"Dandelion","DI water",4,"D21",3.23,15.6
"Dandelion","DI water",4,"D21",2.08,17.1
"Dandelion","DI water",4,"D21",1.65,11.3
"Dandelion","DI water",4,"D21",2.42,31.92
"Dandelion","Fert",1,"D21",2.44,8.79
"Dandelion","Fert",1,"D21",1.5,0.97
"Dandelion","Fert",1,"D21",1.69,1.05
"Dandelion","Fert",2,"D21",3.31,19.54
"Dandelion","Fert",2,"D21",2,5.77
"Dandelion","Fert",2,"D21",4.34,4.97
"Dandelion","Fert",2,"D21",1.74,10.2
"Dandelion","Fert",3,"D21",2.06,4.4
"Dandelion","Fert",3,"D21",2.06,20.51
"Dandelion","Fert",3,"D21",1.88,17.72
"Dandelion","Fert",3,"D21",4.95,23.54
"Dandelion","Fert",3,"D21",2.19,38.42
"Dandelion","Fert",3,"D21",2.41,7.9
"Dandelion","Fert",4,"D21",2.17,73.61
"Dandelion","Fert",4,"D21",1.94,68.45
"Dandelion","Fert",4,"D21",2.34,15.54
"Dandelion","Fert",4,"D21",2.24,42.59
"ABG","NonFert",1,"D14",9.33,20.88
"ABG","NonFert",1,"D14",14.3,28.9
"ABG","NonFert",1,"D14",4.58,12.7
"ABG","NonFert",1,"D14",10.5,23.68
"ABG","NonFert",1,"D14",13.19,21.47
"ABG","NonFert",1,"D14",9.87,18.87
"ABG","NonFert",1,"D14",12.57,20.07
"ABG","NonFert",1,"D14",9.67,8.15
"ABG","NonFert",1,"D14",12.38,17.43
"ABG","NonFert",1,"D14",9.65,20.69
"ABG","NonFert",1,"D14",11.49,18.35
"ABG","NonFert",1,"D14",8.37,11.31
"ABG","NonFert",1,"D14",9.13,13.47
"ABG","NonFert",2,"D14",11.9,10.72
"ABG","NonFert",2,"D14",8.52,16.82
"ABG","NonFert",2,"D14",13.08,9.88
"ABG","NonFert",2,"D14",12.83,24.11
"ABG","NonFert",2,"D14",13.35,29.31
"ABG","NonFert",2,"D14",3.24,13.28
"ABG","NonFert",2,"D14",11.57,18.8
"ABG","NonFert",2,"D14",10.68,18.92
"ABG","NonFert",2,"D14",11.96,21.57
"ABG","NonFert",2,"D14",11.62,15.15
"ABG","NonFert",2,"D14",3.09,13.19
"ABG","NonFert",2,"D14",6.81,7
"ABG","NonFert",2,"D14",9.19,7.22
"ABG","NonFert",2,"D14",9.89,15.15
"ABG","NonFert",2,"D14",4.39,5.5
"ABG","NonFert",3,"D14",15.41,31.14
"ABG","NonFert",3,"D14",7.99,17.06
"ABG","NonFert",3,"D14",9.49,25.4
"ABG","NonFert",3,"D14",12.59,20.49
"ABG","NonFert",3,"D14",15.6,27.85
"ABG","NonFert",3,"D14",13.38,30.31
"ABG","NonFert",3,"D14",14,35
"ABG","NonFert",3,"D14",6.34,11.25
"ABG","NonFert",3,"D14",11.74,19.98
"ABG","NonFert",3,"D14",9.03,10.74
"ABG","NonFert",4,"D14",10.66,18.04
"ABG","NonFert",4,"D14",12.67,20.14
"ABG","NonFert",4,"D14",10.54,16.78
"ABG","NonFert",4,"D14",4.52,14.78
"ABG","NonFert",4,"D14",9.77,34.54
"ABG","NonFert",4,"D14",8.72,12.92
"ABG","NonFert",4,"D14",11.13,11.62
"ABG","NonFert",4,"D14",10.94,9.49
"ABG","NonFert",4,"D14",15.52,10.13
"ABG","Wicked",1,"D14",7.43,16.09
"ABG","Wicked",1,"D14",11.65,23.47
"ABG","Wicked",1,"D14",1.95,17.56
"ABG","Wicked",1,"D14",8.74,16.61
"ABG","Wicked",1,"D14",12.63,14.96
"ABG","Wicked",1,"D14",6.01,9.5
"ABG","Wicked",1,"D14",7.51,5.81
"ABG","Wicked",1,"D14",5.76,3.28
"ABG","Wicked",1,"D14",4.33,7.82
"ABG","Wicked",1,"D14",5.53,9.1
"ABG","Wicked",1,"D14",5.29,9.1
"ABG","Wicked",1,"D14",2.04,7.36
"ABG","Wicked",2,"D14",11.33,19.31
"ABG","Wicked",2,"D14",9.68,13.76
"ABG","Wicked",2,"D14",11.31,14.4
"ABG","Wicked",2,"D14",8.4,9.1
"ABG","Wicked",2,"D14",10.48,15.59
"ABG","Wicked",2,"D14",4.24,7.31
"ABG","Wicked",2,"D14",0.1,17.89
"ABG","Wicked",2,"D14",0.1,8
"ABG","Wicked",3,"D14",14.61,24.61
"ABG","Wicked",3,"D14",16.34,24.22
"ABG","Wicked",3,"D14",13.78,32.39
"ABG","Wicked",3,"D14",10.28,21.64
"ABG","Wicked",3,"D14",9.82,12.34
"ABG","Wicked",3,"D14",10.04,13.92
"ABG","Wicked",3,"D14",1.63,8
"ABG","Wicked",3,"D14",2.73,3.43
"ABG","Wicked",3,"D14",3.94,1
"ABG","Wicked",4,"D14",10.25,12.65
"ABG","Wicked",4,"D14",9.56,17.45
"ABG","Wicked",4,"D14",9.42,14.08
"ABG","Wicked",4,"D14",12.23,17.02
"ABG","Wicked",4,"D14",14.22,21.98
"ABG","Wicked",4,"D14",6.49,11.03
"ABG","Wicked",4,"D14",11.8,17.22
"ABG","Wicked",4,"D14",7.15,9.65
"ABG","Wicked",4,"D14",2.78,6.85
"ABG","Wicked",4,"D14",5.5,1.95
"ABG","Wicked",4,"D14",7.58,8.68
"ABG","Wicked",4,"D14",1.44,9.38
"ABG","Wicked",4,"D14",0.1,9.62
"ABG","Wicked",4,"D14",2.43,6.7
"ABG","Jetty",1,"D14",13.96,26.54
"ABG","Jetty",1,"D14",12.64,21.56
"ABG","Jetty",1,"D14",12.54,14.78
"ABG","Jetty",1,"D14",9.5,14
"ABG","Jetty",1,"D14",2.58,18.06
"ABG","Jetty",1,"D14",7.08,9.16
"ABG","Jetty",1,"D14",1.95,4.97
"ABG","Jetty",2,"D14",17.4,24.78
"ABG","Jetty",2,"D14",15.21,26.16
"ABG","Jetty",2,"D14",11.03,11.44
"ABG","Jetty",2,"D14",15.09,17.65
"ABG","Jetty",2,"D14",16.18,17.34
"ABG","Jetty",2,"D14",11.2,15.66
"ABG","Jetty",2,"D14",10.4,14.29
"ABG","Jetty",2,"D14",5.15,3.51
"ABG","Jetty",2,"D14",4.34,6.45
"ABG","Jetty",2,"D14",4.32,9.13
"ABG","Jetty",2,"D14",6.95,6.37
"ABG","Jetty",3,"D14",10.06,8.1
"ABG","Jetty",3,"D14",9.75,6.73
"ABG","Jetty",3,"D14",5.29,6.08
"ABG","Jetty",3,"D14",3.83,5.25
"ABG","Jetty",3,"D14",20,25.86
"ABG","Jetty",3,"D14",10.84,6.45
"ABG","Jetty",3,"D14",11.82,8.02
"ABG","Jetty",3,"D14",10.88,17.5
"ABG","Jetty",4,"D14",4.07,10.88
"ABG","Jetty",4,"D14",4.14,11.74
"ABG","Jetty",4,"D14",9.2,16.79
"ABG","Jetty",4,"D14",8.62,7.06
"ABG","Jetty",4,"D14",10.82,8.73
"ABG","Jetty",4,"D14",7.67,5.73
"ABG","Jetty",4,"D14",5.2,7.64
"ABG","Jetty",4,"D14",2.94,12.74
"ABG","Jetty",4,"D14",2.09,3.74
"ABG","Seamist",1,"D14",11.68,23.8
"ABG","Seamist",1,"D14",10.73,31.99
"ABG","Seamist",1,"D14",11.28,22.85
"ABG","Seamist",1,"D14",5.93,14.95
"ABG","Seamist",1,"D14",11.38,16.83
"ABG","Seamist",1,"D14",1.23,15.53
"ABG","Seamist",1,"D14",9.75,9.03
"ABG","Seamist",1,"D14",4.59,9.6
"ABG","Seamist",1,"D14",8.56,11.2
"ABG","Seamist",2,"D14",11.29,20.27
"ABG","Seamist",2,"D14",11,20.88
"ABG","Seamist",2,"D14",12.43,25.01
"ABG","Seamist",2,"D14",3.39,11.8
"ABG","Seamist",2,"D14",11.8,22.5
"ABG","Seamist",2,"D14",10.36,13.46
"ABG","Seamist",2,"D14",3.78,17.91
"ABG","Seamist",2,"D14",11.8,27.53
"ABG","Seamist",2,"D14",4,6.04
"ABG","Seamist",2,"D14",2.88,6.03
"ABG","Seamist",2,"D14",11.59,16.33
"ABG","Seamist",2,"D14",0.1,12.04
"ABG","Seamist",3,"D14",11.18,29.56
"ABG","Seamist",3,"D14",12.86,20.26
"ABG","Seamist",3,"D14",10.88,17.11
"ABG","Seamist",3,"D14",14.07,20.54
"ABG","Seamist",3,"D14",11.6,22.41
"ABG","Seamist",3,"D14",7.69,10.87
"ABG","Seamist",3,"D14",13.48,20.22
"ABG","Seamist",3,"D14",5.57,12.73
"ABG","Seamist",3,"D14",8.68,10.04
"ABG","Seamist",3,"D14",10.22,6.67
"ABG","Seamist",3,"D14",8.78,14.93
"ABG","Seamist",3,"D14",8.68,12.29
"ABG","Seamist",3,"D14",12.06,14
"ABG","Seamist",3,"D14",1.5,7.69
"ABG","Seamist",4,"D14",12.42,24.93
"ABG","Seamist",4,"D14",15.2,36.72
"ABG","Seamist",4,"D14",15.11,23.65
"ABG","Seamist",4,"D14",12.89,22.61
"ABG","Seamist",4,"D14",11.41,16.73
"ABG","Seamist",4,"D14",11.52,20.32
"ABG","Seamist",4,"D14",4.97,9.87
"ABG","Seamist",4,"D14",9,15.81
"ABG","DI Water",1,"D14",10.13,23.7
"ABG","DI Water",1,"D14",11.75,37.67
"ABG","DI Water",1,"D14",14.96,39.45
"ABG","DI Water",1,"D14",11.37,30.9
"ABG","DI Water",1,"D14",12.88,31.44
"ABG","DI Water",1,"D14",12.2,33.08
"ABG","DI Water",1,"D14",14.18,26.46
"ABG","DI Water",1,"D14",9.76,16.43
"ABG","DI Water",1,"D14",12.9,18.3
"ABG","DI Water",1,"D14",10.17,20.78
"ABG","DI Water",1,"D14",10.56,35.02
"ABG","DI Water",2,"D14",12.89,38.25
"ABG","DI Water",2,"D14",15.7,39.67
"ABG","DI Water",2,"D14",11.42,25.34
"ABG","DI Water",2,"D14",13.13,34.52
"ABG","DI Water",2,"D14",14.13,31.62
"ABG","DI Water",2,"D14",9.81,23.02
"ABG","DI Water",2,"D14",11.68,30.18
"ABG","DI Water",2,"D14",9.96,13.98
"ABG","DI Water",2,"D14",10.99,19.73
"ABG","DI Water",2,"D14",7,20.5
"ABG","DI Water",3,"D14",12.12,25.61
"ABG","DI Water",3,"D14",12.22,31.77
"ABG","DI Water",3,"D14",8.6,24.04
"ABG","DI Water",3,"D14",10.21,29.74
"ABG","DI Water",3,"D14",9.45,25.61
"ABG","DI Water",3,"D14",0.2,21.36
"ABG","DI Water",3,"D14",0.5,23.26
"ABG","DI Water",3,"D14",6.34,14
"ABG","DI Water",3,"D14",8.83,7.99
"ABG","DI Water",3,"D14",13.28,31.27
"ABG","DI Water",3,"D14",13.35,27.72
"ABG","DI Water",3,"D14",4.28,12.43
"ABG","DI Water",4,"D14",13.4,38.07
"ABG","DI Water",4,"D14",11.56,35.54
"ABG","DI Water",4,"D14",12.63,36.77
"ABG","DI Water",4,"D14",11.96,26.4
"ABG","DI Water",4,"D14",11.81,32
"ABG","DI Water",4,"D14",11.23,23.76
"ABG","DI Water",4,"D14",11.05,29.37
"ABG","DI Water",4,"D14",13.83,39.44
"ABG","DI Water",4,"D14",8.38,14.2
"ABG","DI Water",4,"D14",6.87,15.45
"ABG","DI Water",4,"D14",11.84,14.8
"ABG","DI Water",4,"D14",13.05,17.11
"ABG","DI Water",4,"D14",4.47,10.71
"ABG","DI Water",4,"D14",12.08,28
"ABG","DI Water",4,"D14",4.41,18
"ABG","DI Water",4,"D14",5.08,8.32
"ABG","DI Water",4,"D14",10.6,22
"ABG","Radar",1,"D14",11.76,27.66
"ABG","Radar",1,"D14",9.52,17.35
"ABG","Radar",1,"D14",10.37,14.68
"ABG","Radar",1,"D14",2.63,14.72
"ABG","Radar",1,"D14",3.57,10.34
"ABG","Radar",1,"D14",2.11,5.86
"ABG","Radar",1,"D14",10.97,10.46
"ABG","Radar",1,"D14",2.78,10.61
"ABG","Radar",1,"D14",6.15,8.11
"ABG","Radar",2,"D14",14.02,23.82
"ABG","Radar",2,"D14",11.15,15.66
"ABG","Radar",2,"D14",10.09,20.59
"ABG","Radar",2,"D14",15.76,27.14
"ABG","Radar",2,"D14",9.12,11.97
"ABG","Radar",2,"D14",4.58,9.63
"ABG","Radar",2,"D14",13.76,12.8
"ABG","Radar",2,"D14",9.7,6.54
"ABG","Radar",2,"D14",10.44,21.42
"ABG","Radar",2,"D14",6.68,5.74
"ABG","Radar",2,"D14",3.89,6.28
"ABG","Radar",3,"D14",12.95,21.45
"ABG","Radar",3,"D14",14.04,23.47
"ABG","Radar",3,"D14",10.83,27.11
"ABG","Radar",3,"D14",12.23,15.22
"ABG","Radar",3,"D14",10.2,13.44
"ABG","Radar",3,"D14",10.62,15.7
"ABG","Radar",3,"D14",3.84,11.49
"ABG","Radar",3,"D14",5.8,6.4
"ABG","Radar",3,"D14",4.2,8.6
"ABG","Radar",4,"D14",6.3,7.83
"ABG","Radar",4,"D14",12.82,19.5
"ABG","Radar",4,"D14",12.03,19.29
"ABG","Radar",4,"D14",8.91,19.8
"ABG","Radar",4,"D14",11.49,11.49
"ABG","Radar",4,"D14",4.33,9.29
"ABG","Radar",4,"D14",9.14,14.2
"ABG","Cardinal",1,"D14",14.05,24.3
"ABG","Cardinal",1,"D14",12.49,16.68
"ABG","Cardinal",1,"D14",13.61,26.2
"ABG","Cardinal",1,"D14",11.37,27.19
"ABG","Cardinal",1,"D14",10.05,19.7
"ABG","Cardinal",1,"D14",12.22,20.9
"ABG","Cardinal",1,"D14",4.15,16
"ABG","Cardinal",1,"D14",3.05,8.13
"ABG","Cardinal",1,"D14",6.29,12.19
"ABG","Cardinal",1,"D14",6.44,11.02
"ABG","Cardinal",1,"D14",1.71,7.52
"ABG","Cardinal",2,"D14",9.31,19.65
"ABG","Cardinal",2,"D14",12.31,19.69
"ABG","Cardinal",2,"D14",8.25,10.23
"ABG","Cardinal",2,"D14",6.06,10.6
"ABG","Cardinal",2,"D14",7.15,10.96
"ABG","Cardinal",2,"D14",1.13,10.83
"ABG","Cardinal",2,"D14",0.5,16.01
"ABG","Cardinal",2,"D14",12.16,21.35
"ABG","Cardinal",2,"D14",9.03,10.89
"ABG","Cardinal",2,"D14",11.29,10.47
"ABG","Cardinal",2,"D14",7.96,5.73
"ABG","Cardinal",2,"D14",8.32,8.32
"ABG","Cardinal",3,"D14",10.36,30.8
"ABG","Cardinal",3,"D14",12.25,39.76
"ABG","Cardinal",3,"D14",13.86,34.1
"ABG","Cardinal",3,"D14",11.82,36.31
"ABG","Cardinal",3,"D14",11.54,20.11
"ABG","Cardinal",3,"D14",12.05,20.58
"ABG","Cardinal",3,"D14",9.52,28.34
"ABG","Cardinal",3,"D14",9.32,14.12
"ABG","Cardinal",3,"D14",9.69,16.6
"ABG","Cardinal",3,"D14",6.68,15.51
"ABG","Cardinal",3,"D14",10.38,11.5
"ABG","Cardinal",3,"D14",7.2,8.66
"ABG","Cardinal",3,"D14",2,6.5
"ABG","Cardinal",3,"D14",10.18,12.21
"ABG","Cardinal",4,"D14",15.29,25.72
"ABG","Cardinal",4,"D14",12.56,31.32
"ABG","Cardinal",4,"D14",13.49,31.78
"ABG","Cardinal",4,"D14",10.23,17.16
"ABG","Cardinal",4,"D14",9.59,11.16
"ABG","Cardinal",4,"D14",11.85,25.48
"ABG","Cardinal",4,"D14",8.31,12.45
"ABG","Cardinal",4,"D14",8.31,12.45
"ABG","Cardinal",4,"D14",8,6.44
"ABG","Cardinal",4,"D14",7.21,10.31
"ABG","Cardinal",4,"D14",9.55,14
"ABG","Cardinal",4,"D14",9.88,12
"ABG","Cardinal",4,"D14",8,7
"ABG","Fertilized",1,"D14",20.26,20.07
"ABG","Fertilized",1,"D14",18.98,21.28
"ABG","Fertilized",1,"D14",16.43,20.37
"ABG","Fertilized",1,"D14",10.78,2.21
"ABG","Fertilized",1,"D14",15.25,13.1
"ABG","Fertilized",1,"D14",18,35
"ABG","Fertilized",1,"D14",2.85,12.26
"ABG","Fertilized",1,"D14",17.07,18.42
"ABG","Fertilized",1,"D14",8.38,10.41
"ABG","Fertilized",1,"D14",2.78,5.9
"ABG","Fertilized",1,"D14",14.46,12.2
"ABG","Fertilized",1,"D14",15.38,6.34
"ABG","Fertilized",1,"D14",18.92,25
"ABG","Fertilized",1,"D14",12.96,6.21
"ABG","Fertilized",2,"D14",17.38,18.26
"ABG","Fertilized",2,"D14",17.11,18.63
"ABG","Fertilized",2,"D14",17.73,26
"ABG","Fertilized",2,"D14",16.89,14.81
"ABG","Fertilized",2,"D14",16.49,32
"ABG","Fertilized",2,"D14",23.85,24.28
"ABG","Fertilized",2,"D14",18.22,15.76
"ABG","Fertilized",2,"D14",25.33,20.95
"ABG","Fertilized",2,"D14",21.2,22.6
"ABG","Fertilized",2,"D14",15.23,9.57
"ABG","Fertilized",2,"D14",13.94,15
"ABG","Fertilized",2,"D14",11.27,12.14
"ABG","Fertilized",2,"D14",14.03,10.69
"ABG","Fertilized",2,"D14",10.58,12.57
"ABG","Fertilized",2,"D14",6.85,13.7
"ABG","Fertilized",2,"D14",4.36,5.36
"ABG","Fertilized",2,"D14",0.5,11.82
"ABG","Fertilized",3,"D14",14.83,17.22
"ABG","Fertilized",3,"D14",19.35,19.35
"ABG","Fertilized",3,"D14",24.82,20.23
"ABG","Fertilized",3,"D14",19.54,23.36
"ABG","Fertilized",3,"D14",18.3,22.82
"ABG","Fertilized",3,"D14",15.68,11.6
"ABG","Fertilized",3,"D14",22.5,13.08
"ABG","Fertilized",3,"D14",14.69,10.36
"ABG","Fertilized",3,"D14",11.99,6.25
"ABG","Fertilized",3,"D14",20,15.4
"ABG","Fertilized",3,"D14",12.54,12.63
"ABG","Fertilized",4,"D14",13.37,7.46
"ABG","Fertilized",4,"D14",15.87,18.87
"ABG","Fertilized",4,"D14",21.62,25.58
"ABG","Fertilized",4,"D14",23.21,30
"ABG","Fertilized",4,"D14",14.97,10.83
"ABG","Fertilized",4,"D14",15.93,19.05
"ABG","Fertilized",4,"D14",15.18,18.7
"ABG","Fertilized",4,"D14",14.17,15.8
"ABG","Fertilized",4,"D14",7.8,11.37
"ABG","Fertilized",4,"D14",14.69,6.45
"ABG","Fertilized",4,"D14",22.9,8.07
"ABG","Fertilized",4,"D14",10.64,5.15
"ABG","Fertilized",4,"D14",11.81,16.6
"ABG","Fertilized",4,"D14",4.11,6.7
"ABG","Fertilized",4,"D14",8.2,5.7
"ABG","Fertilized",4,"D14",7.29,6
"ABG","Wicked",1,"D21",17.54,18.23
"ABG","Wicked",1,"D21",17.58,16.66
"ABG","Wicked",1,"D21",15.97,20.02
"ABG","Wicked",2,"D21",31.58,13.98
"ABG","Wicked",2,"D21",19.67,14.43
"ABG","Wicked",2,"D21",7.97,2.1
"ABG","Wicked",2,"D21",7.85,8.23
"ABG","Wicked",2,"D21",7.39,8.67
"ABG","Wicked",2,"D21",5.18,7.27
"ABG","Wicked",3,"D21",21.27,27.11
"ABG","Wicked",3,"D21",19.48,19.35
"ABG","Wicked",3,"D21",12.71,5.83
"ABG","Wicked",4,"D21",11.88,5.28
"ABG","Wicked",4,"D21",19.95,35.56
"ABG","Wicked",4,"D21",6.85,7.26
"ABG","Wicked",4,"D21",10.6,8.04
"ABG","Cardinal",1,"D21",25.72,13.65
"ABG","Cardinal",1,"D21",25.01,7.22
"ABG","Cardinal",1,"D21",16.1,6.1
"ABG","Cardinal",2,"D21",15.29,19.15
"ABG","Cardinal",2,"D21",15.81,16.83
"ABG","Cardinal",2,"D21",6.33,4.81
"ABG","Cardinal",2,"D21",12.56,7.27
"ABG","Cardinal",3,"D21",27,9.93
"ABG","Cardinal",3,"D21",14.76,5.37
"ABG","Cardinal",3,"D21",26.88,28.32
"ABG","Cardinal",3,"D21",25.26,26.42
"ABG","Cardinal",3,"D21",28.94,18.69
"ABG","Cardinal",3,"D21",14.8,32.89
"ABG","Cardinal",3,"D21",20.11,11.42
"ABG","Cardinal",4,"D21",11.9,25.66
"ABG","Cardinal",4,"D21",18.87,49.34
"ABG","Cardinal",4,"D21",5.95,2.37
"ABG","Seamist",1,"D21",24.33,7.66
"ABG","Seamist",1,"D21",18.07,20.24
"ABG","Seamist",1,"D21",23.2,27.03
"ABG","Seamist",1,"D21",24.73,33.8
"ABG","Seamist",1,"D21",15.37,29.21
"ABG","Seamist",2,"D21",27.6,20.33
"ABG","Seamist",2,"D21",30.03,43.41
"ABG","Seamist",2,"D21",32.23,38.72
"ABG","Seamist",2,"D21",18.97,12.64
"ABG","Seamist",2,"D21",3.61,5.58
"ABG","Seamist",3,"D21",35.7,37.45
"ABG","Seamist",3,"D21",22.92,19.07
"ABG","Seamist",3,"D21",21.33,6.75
"ABG","Seamist",3,"D21",28.67,35.65
"ABG","Seamist",3,"D21",1.75,21.56
"ABG","Seamist",3,"D21",5.15,1.82
"ABG","Seamist",4,"D21",17.21,40.28
"ABG","Seamist",4,"D21",15.49,20.75
"ABG","Seamist",4,"D21",15.09,37.18
"ABG","Seamist",4,"D21",12.93,13.53
"ABG","Seamist",4,"D21",12.18,16.19
"ABG","Seamist",4,"D21",8.3,3.82
"ABG","Seamist",4,"D21",13.8,12.17
"ABG","Seamist",4,"D21",15.57,20.91
"ABG","Radar",1,"D21",28.98,13.13
"ABG","Radar",1,"D21",20.2,15.37
"ABG","Radar",1,"D21",16.7,9.86
"ABG","Radar",1,"D21",5.4,1.9
"ABG","Radar",1,"D21",7.25,2.3
"ABG","Radar",2,"D21",20.32,16.63
"ABG","Radar",2,"D21",20.8,12.57
"ABG","Radar",2,"D21",14.78,10.13
"ABG","Radar",2,"D21",17.93,16.74
"ABG","Radar",2,"D21",11.6,3.61
"ABG","Radar",2,"D21",19.31,9.93
"ABG","Radar",2,"D21",14.68,34.04
"ABG","Radar",3,"D21",33.69,20.53
"ABG","Radar",4,"D21",12.65,10.71
"ABG","Radar",4,"D21",14.23,6.39
"ABG","Radar",4,"D21",15.02,6.68
"ABG","Radar",4,"D21",12.43,17.07
"ABG","Radar",4,"D21",7.09,4.91
"ABG","Radar",4,"D21",11.25,7.45
"ABG","Jetty",1,"D21",23.69,24.31
"ABG","Jetty",1,"D21",11.63,8.58
"ABG","Jetty",1,"D21",20.09,18.57
"ABG","Jetty",1,"D21",25.27,16.92
"ABG","Jetty",1,"D21",19.11,20.67
"ABG","Jetty",2,"D21",13.61,6.15
"ABG","Jetty",2,"D21",17.35,8.28
"ABG","Jetty",2,"D21",17.2,5.03
"ABG","Jetty",3,"D21",13.94,11.96
"ABG","Jetty",3,"D21",18.16,5.22
"ABG","Jetty",3,"D21",23.09,34.55
"ABG","Jetty",3,"D21",11.23,18.61
"ABG","Jetty",3,"D21",4.34,1.61
"ABG","Jetty",4,"D21",11.04,9.87
"ABG","Jetty",4,"D21",15.3,25.87
"ABG","Jetty",4,"D21",20.5,23.54
"ABG","Jetty",4,"D21",18.7,13.02
"ABG","Jetty",4,"D21",15.28,14.18
"ABG","Jetty",4,"D21",16.05,19.05
"ABG","Jetty",4,"D21",14.03,16.51
"ABG","Jetty",4,"D21",14.48,16.24
"ABG","Jetty",4,"D21",16.64,24.23
"ABG","Jetty",4,"D21",16.92,26.18
"ABG","NonFert",1,"D21",22.51,15.11
"ABG","NonFert",1,"D21",22.44,18.72
"ABG","NonFert",1,"D21",18.39,8.86
"ABG","NonFert",1,"D21",28.89,34.47
"ABG","NonFert",1,"D21",13.13,20.57
"ABG","NonFert",2,"D21",19.97,14.67
"ABG","NonFert",2,"D21",23.08,32.7
"ABG","NonFert",2,"D21",29.93,36.09
"ABG","NonFert",2,"D21",19.8,7.96
"ABG","NonFert",2,"D21",10.05,4.54
"ABG","NonFert",3,"D21",14.05,19.61
"ABG","NonFert",3,"D21",25,32.49
"ABG","NonFert",3,"D21",26.09,26
"ABG","NonFert",3,"D21",21.12,27.07
"ABG","NonFert",3,"D21",25.61,37.57
"ABG","NonFert",3,"D21",9.48,6.01
"ABG","NonFert",3,"D21",10.39,4.05
"ABG","NonFert",3,"D21",11.22,16.41
"ABG","NonFert",4,"D21",15.2,33.23
"ABG","NonFert",4,"D21",17.91,64.07
"ABG","NonFert",4,"D21",17,27.42
"ABG","NonFert",4,"D21",17.01,365
"ABG","NonFert",4,"D21",20.38,27.4
"ABG","NonFert",4,"D21",14.3,13.4
"ABG","NonFert",4,"D21",12.63,17.6
"ABG","NonFert",4,"D21",10.98,14.97
"ABG","NonFert",4,"D21",5.6,6.63
"ABG","NonFert",4,"D21",8.29,9.4
"ABG","NonFert",4,"D21",1.55,1.04
"ABG","DI water",1,"D21",30.51,44.37
"ABG","DI water",1,"D21",15.27,19.55
"ABG","DI water",1,"D21",19.6,8.65
"ABG","DI water",1,"D21",13.73,13.2
"ABG","DI water",1,"D21",5.5,3.8
"ABG","DI water",1,"D21",8.24,2.31
"ABG","DI water",2,"D21",28.51,35.47
"ABG","DI water",2,"D21",27.49,22.67
"ABG","DI water",2,"D21",10.36,11.11
"ABG","DI water",2,"D21",10.57,6.69
"ABG","DI water",3,"D21",23.63,33.71
"ABG","DI water",3,"D21",25.45,45.05
"ABG","DI water",3,"D21",14.69,18.75
"ABG","DI water",3,"D21",22.19,25.07
"ABG","DI water",3,"D21",5.11,6.64
"ABG","DI water",3,"D21",21.53,14.69
"ABG","DI water",3,"D21",25.68,30.16
"ABG","DI water",4,"D21",12.89,35.29
"ABG","DI water",4,"D21",15.61,13.64
"ABG","DI water",4,"D21",18.89,56.11
"ABG","DI water",4,"D21",12.72,18.12
"ABG","Fert",1,"D21",28.23,12.23
"ABG","Fert",1,"D21",28.86,10.36
"ABG","Fert",1,"D21",7.91,3.75
"ABG","Fert",2,"D21",18.28,11.49
"ABG","Fert",2,"D21",30.75,14.05
"ABG","Fert",2,"D21",14.8,3.45
"ABG","Fert",3,"D21",24.23,30.51
"ABG","Fert",3,"D21",13.62,18.77
"ABG","Fert",3,"D21",21.38,25.77
"ABG","Fert",3,"D21",29.02,24.12
"ABG","Fert",3,"D21",20.96,10.47
"ABG","Fert",3,"D21",27.14,15.6
"ABG","Fert",3,"D21",14.93,15
"ABG","Fert",3,"D21",21.4,15.52
"ABG","Fert",3,"D21",11,7.02
"ABG","Fert",4,"D21",14.15,24.73
"CG","Wicked",1,"D14",21.15,78.29
"CG","Wicked",1,"D14",15.94,52.31
"CG","Wicked",1,"D14",10.75,24.9
"CG","Wicked",1,"D14",13.3,31.9
"CG","Wicked",2,"D14",7.15,6.05
"CG","Wicked",2,"D14",1.9,10.76
"CG","Wicked",3,"D14",1.95,15.27
"CG","Wicked",3,"D14",1.5,22
"CG","Wicked",3,"D14",21.3,45.29
"CG","Wicked",3,"D14",11.3,22.76
"CG","Wicked",4,"D14",4.94,2.77
"CG","Wicked",4,"D14",19.71,17.32
"CG","Wicked",4,"D14",21.51,22.26
"CG","Wicked",4,"D14",0.5,33.79
"CG","Wicked",4,"D14",3.52,26
"CG","Wicked",4,"D14",13.79,18.09
"CG","Wicked",4,"D14",0.5,11.24
"CG","Wicked",4,"D14",1.64,16.63
"CG","DI Water",1,"D14",1.53,30.66
"CG","DI Water",1,"D14",0.5,8.66
"CG","DI Water",2,"D14",5.17,41.19
"CG","DI Water",2,"D14",0.42,9.4
"CG","DI Water",2,"D14",0.5,24.18
"CG","DI Water",2,"D14",1,8.44
"CG","DI Water",2,"D14",1.37,13.28
"CG","DI Water",3,"D14",1.68,6.06
"CG","DI Water",3,"D14",1.9,16.27
"CG","DI Water",4,"D14",10.27,34.81
"CG","DI Water",4,"D14",21.6,32.7
"CG","DI Water",4,"D14",2.78,22.91
"CG","Radar",1,"D14",16.76,39.77
"CG","Radar",1,"D14",0.5,7.45
"CG","Radar",2,"D14",22.61,45.99
"CG","Radar",2,"D14",16.05,18.63
"CG","Radar",2,"D14",10.35,8.48
"CG","Radar",2,"D14",0.96,18.29
"CG","Radar",2,"D14",0.5,3.25
"CG","Radar",2,"D14",2.53,3.39
"CG","Radar",2,"D14",1.44,18.94
"CG","Radar",2,"D14",2.26,8.05
"CG","Radar",3,"D14",1.64,20.63
"CG","Radar",3,"D14",1.85,35.51
"CG","Radar",3,"D14",5.89,21.6
"CG","Radar",3,"D14",1.57,24.42
"CG","Radar",3,"D14",1.79,21.07
"CG","Radar",4,"D14",19.36,5.91
"CG","Radar",4,"D14",18.73,22.69
"CG","Radar",4,"D14",0.5,8.58
"CG","Radar",4,"D14",1.99,3.46
"CG","Fertilized",1,"D14",18.87,26.05
"CG","Fertilized",1,"D14",30.51,35.8
"CG","Fertilized",1,"D14",1.93,25.91
"CG","Fertilized",2,"D14",30.54,28.08
"CG","Fertilized",2,"D14",5.99,10.61
"CG","Fertilized",3,"D14",26.77,15.88
"CG","Fertilized",3,"D14",23.87,15.17
"CG","Fertilized",3,"D14",11.8,14.25
"CG","Fertilized",3,"D14",0.5,5.6
"CG","Fertilized",4,"D14",19.9,9.15
"CG","Fertilized",4,"D14",1.39,21.56
"CG","Fertilized",4,"D14",4.15,22.29
"CG","Fertilized",4,"D14",3.52,4.04
"CG","Fertilized",4,"D14",1.12,8.59
"CG","Cardinal",1,"D14",1.82,16.64
"CG","Cardinal",1,"D14",1.35,7.6
"CG","Cardinal",1,"D14",15.03,35.7
"CG","Cardinal",1,"D14",14.78,41.63
"CG","Cardinal",2,"D14",11.16,12.08
"CG","Cardinal",2,"D14",1.5,14.37
"CG","Cardinal",2,"D14",5.47,39.82
"CG","Cardinal",2,"D14",0.5,6.79
"CG","Cardinal",3,"D14",13.59,21.64
"CG","Cardinal",3,"D14",2.21,14.48
"CG","Cardinal",3,"D14",1.34,5.83
"CG","Cardinal",3,"D14",0.71,11.31
"CG","Cardinal",3,"D14",2.26,16.05
"CG","Cardinal",3,"D14",0.75,9.93
"CG","Cardinal",3,"D14",2.47,11.47
"CG","Cardinal",4,"D14",2.82,18.57
"CG","Cardinal",4,"D14",1.64,24.33
"CG","Cardinal",4,"D14",15.19,26.52
"CG","NonFert",1,"D14",2.54,14.62
"CG","NonFert",1,"D14",1.29,9.11
"CG","NonFert",1,"D14",9.93,31.3
"CG","NonFert",1,"D14",9.56,18.91
"CG","NonFert",1,"D14",1.62,16.26
"CG","NonFert",2,"D14",16.42,19.11
"CG","NonFert",2,"D14",16.88,23.44
"CG","NonFert",2,"D14",12.22,26.21
"CG","NonFert",2,"D14",7.91,12.16
"CG","NonFert",2,"D14",11.42,20.9
"CG","NonFert",2,"D14",1.97,11.46
"CG","NonFert",2,"D14",3.06,11.04
"CG","NonFert",2,"D14",0.92,7.68
"CG","NonFert",3,"D14",4.76,15.73
"CG","NonFert",3,"D14",1.75,5.33
"CG","NonFert",4,"D14",22.13,25.94
"CG","NonFert",4,"D14",15.1,4.73
"CG","Seamist",1,"D14",1.42,5.39
"CG","Seamist",1,"D14",1.82,12.51
"CG","Seamist",2,"D14",14.6,31.13
"CG","Seamist",2,"D14",3.2,19.6
"CG","Seamist",2,"D14",20.55,18.44
"CG","Seamist",2,"D14",2.25,20.65
"CG","Seamist",3,"D14",3.16,20.74
"CG","Seamist",3,"D14",1.42,25.32
"CG","Seamist",3,"D14",9.78,31.1
"CG","Seamist",3,"D14",12.14,25.33
"CG","Seamist",3,"D14",1.37,28.39
"CG","Seamist",3,"D14",1.11,8.34
"CG","Seamist",4,"D14",1.38,20.5
"CG","Seamist",4,"D14",0.5,16.44
"CG","Seamist",4,"D14",1.12,6.62
"CG","Jetty",1,"D14",4.98,8.38
"CG","Jetty",1,"D14",14.18,42.92
"CG","Jetty",1,"D14",17.12,29.3
"CG","Jetty",1,"D14",1.76,16.9
"CG","Jetty",1,"D14",6.74,31.23
"CG","Jetty",1,"D14",1.6,7.7
"CG","Jetty",2,"D14",9.9,30.76
"CG","Jetty",3,"D14",15.88,9.09
"CG","Jetty",3,"D14",2.53,8.59
"CG","Jetty",3,"D14",3.12,5.68
"CG","Jetty",3,"D14",2.8,8.18
"CG","Jetty",4,"D14",15.05,30.3
"CG","Jetty",4,"D14",8.04,48.89
"CG","Jetty",4,"D14",2.22,13.3
"CG","Jetty",4,"D14",10.65,18.7
"CG","Cardinal",1,"D21",0.5,11.57
"CG","Cardinal",2,"D21",1.75,6.37
"CG","Cardinal",3,"D21",1.9,0.5
"CG","Radar",1,"D21",2.85,16.65
"CG","Radar",4,"D21",1.42,6.23
"CG","Jetty",1,"D21",1.46,9.25
"CG","DI water",1,"D21",7.7,2.81
"CG","Fert",1,"D21",2.07,3.18
"CG","Fert",1,"D21",6.16,4.64
"CG","Fert",1,"D21",2.13,6.45
"CG","Fert",1,"D21",1.34,3.84
"CG","Fert",2,"D21",1.49,3.92
"CG","Fert",2,"D21",0.85,4.17
"CG","Fert",3,"D21",1.69,4.52
"CG","Fert",3,"D21",1.34,8.96
"CG","NonFert",1,"D21",1.87,4.95
"CG","NonFert",3,"D21",2.18,5.59
"CG","NonFert",4,"D21",3.24,6.67
"CG","NonFert",4,"D21",1.57,15.05
"CG","NonFert",4,"D21",1.95,3.74
"GG","DI Water",1,"D14",10.75,25.38
"GG","DI Water",1,"D14",7.23,13.71
"GG","DI Water",1,"D14",6.64,14.66
"GG","DI Water",1,"D14",9.42,27.42
"GG","DI Water",1,"D14",7.37,33.09
"GG","DI Water",2,"D14",9.17,21.26
"GG","DI Water",2,"D14",8.06,26.77
"GG","DI Water",2,"D14",4.43,6.12
"GG","DI Water",2,"D14",9.51,23.78
"GG","DI Water",2,"D14",9.55,35.18
"GG","DI Water",2,"D14",10.06,21.96
"GG","DI Water",2,"D14",1.62,3.77
"GG","DI Water",2,"D14",7.17,19
"GG","DI Water",2,"D14",12.18,24.88
"GG","DI Water",2,"D14",9.11,33.82
"GG","DI Water",3,"D14",9.15,22.74
"GG","DI Water",3,"D14",10.28,28.04
"GG","DI Water",3,"D14",11.41,21.82
"GG","DI Water",3,"D14",6.42,13.63
"GG","DI Water",3,"D14",10.51,35.24
"GG","DI Water",3,"D14",10.77,18.77
"GG","DI Water",3,"D14",13.79,32.54
"GG","DI Water",3,"D14",5.66,12.36
"GG","DI Water",3,"D14",6.66,12.56
"GG","DI Water",3,"D14",12,31.77
"GG","DI Water",3,"D14",7.27,8.24
"GG","DI Water",3,"D14",6.15,11.4
"GG","DI Water",3,"D14",7.82,18.42
"GG","DI Water",3,"D14",3.83,7.64
"GG","DI Water",4,"D14",6.18,9.7
"GG","DI Water",4,"D14",8.82,11.04
"GG","DI Water",4,"D14",6.92,12.85
"GG","DI Water",4,"D14",7.54,11.12
"GG","DI Water",4,"D14",9.52,11.87
"GG","DI Water",4,"D14",11.82,27.86
"GG","DI Water",4,"D14",11.28,21.79
"GG","Fertilized",1,"D14",16.69,10.22
"GG","Fertilized",1,"D14",15.07,23.64
"GG","Fertilized",1,"D14",11.81,25.04
"GG","Fertilized",1,"D14",12.6,20.5
"GG","Fertilized",1,"D14",14.88,20.55
"GG","Fertilized",1,"D14",16.96,35.67
"GG","Fertilized",1,"D14",13.9,12.5
"GG","Fertilized",1,"D14",13.9,25
"GG","Fertilized",1,"D14",12.3,24.6
"GG","Fertilized",1,"D14",11.86,12.13
"GG","Fertilized",1,"D14",13.5,10.25
"GG","Fertilized",1,"D14",16.05,20.97
"GG","Fertilized",1,"D14",16.91,18.79
"GG","Fertilized",1,"D14",13.53,30.59
"GG","Fertilized",1,"D14",14.96,29.65
"GG","Fertilized",1,"D14",14.95,25.2
"GG","Fertilized",1,"D14",13.66,29.75
"GG","Fertilized",1,"D14",8.17,15.7
"GG","Fertilized",1,"D14",15.3,25.7
"GG","Fertilized",1,"D14",8.28,8.44
"GG","Fertilized",2,"D14",13.5,13.48
"GG","Fertilized",2,"D14",19.78,12.8
"GG","Fertilized",2,"D14",14.34,20.5
"GG","Fertilized",2,"D14",15.83,10.77
"GG","Fertilized",2,"D14",13.8,18.7
"GG","Fertilized",2,"D14",9.8,19.74
"GG","Fertilized",2,"D14",16.6,10.95
"GG","Fertilized",2,"D14",14.28,15.71
"GG","Fertilized",2,"D14",14.28,16.5
"GG","Fertilized",2,"D14",18.14,16.3
"GG","Fertilized",2,"D14",19.13,15.4
"GG","Fertilized",2,"D14",13.69,7.44
"GG","Fertilized",2,"D14",16.14,18.74
"GG","Fertilized",2,"D14",12.7,10.45
"GG","Fertilized",2,"D14",14.18,10.85
"GG","Fertilized",2,"D14",14.94,17.9
"GG","Fertilized",2,"D14",14.6,11.8
"GG","Fertilized",2,"D14",12.18,6.23
"GG","Fertilized",2,"D14",18.02,12.1
"GG","Fertilized",2,"D14",12.59,16.83
"GG","Fertilized",2,"D14",7.87,13.29
"GG","Fertilized",2,"D14",15.53,25.67
"GG","Fertilized",2,"D14",14.1,11.42
"GG","Fertilized",2,"D14",13.88,10.95
"GG","Fertilized",2,"D14",13.94,15.56
"GG","Fertilized",2,"D14",10.58,12
"GG","Fertilized",2,"D14",13.81,20.55
"GG","Fertilized",3,"D14",16.14,8.16
"GG","Fertilized",3,"D14",11.51,19
"GG","Fertilized",3,"D14",17.47,23.62
"GG","Fertilized",3,"D14",17.18,9.15
"GG","Fertilized",3,"D14",19.22,16.89
"GG","Fertilized",3,"D14",16.89,12.64
"GG","Fertilized",3,"D14",16.72,8.68
"GG","Fertilized",3,"D14",18.05,25.77
"GG","Fertilized",3,"D14",15.75,15.75
"GG","Fertilized",3,"D14",15.15,11.3
"GG","Fertilized",3,"D14",15.72,25.8
"GG","Fertilized",3,"D14",16.03,9.86
"GG","Fertilized",3,"D14",16.22,18
"GG","Fertilized",3,"D14",12.21,10
"GG","Fertilized",3,"D14",19.12,27
"GG","Fertilized",3,"D14",16.91,24.84
"GG","Fertilized",3,"D14",16.88,12
"GG","Fertilized",3,"D14",17.39,15.08
"GG","Fertilized",3,"D14",18.3,10
"GG","Fertilized",3,"D14",19.11,9.75
"GG","Fertilized",3,"D14",11.45,6.61
"GG","Fertilized",3,"D14",4.65,5.6
"GG","Fertilized",3,"D14",13.17,9.44
"GG","Fertilized",3,"D14",8.45,9.97
"GG","Fertilized",4,"D14",12.89,8.95
"GG","Fertilized",4,"D14",9.88,8.5
"GG","Fertilized",4,"D14",18.8,14.6
"GG","Fertilized",4,"D14",16.47,14.78
"GG","Fertilized",4,"D14",18.69,7.08
"GG","Fertilized",4,"D14",15.86,12.07
"GG","Fertilized",4,"D14",18.86,9.34
"GG","Fertilized",4,"D14",15.7,7.22
"GG","Fertilized",4,"D14",16.06,17.61
"GG","Fertilized",4,"D14",11.12,7.69
"GG","Fertilized",4,"D14",12.64,7.42
"GG","Fertilized",4,"D14",10.2,4.53
"GG","Fertilized",4,"D14",13.94,9.51
"GG","Fertilized",4,"D14",15.02,12.47
"GG","Fertilized",4,"D14",13.48,9.67
"GG","Fertilized",4,"D14",13,23.31
"GG","Fertilized",4,"D14",15.26,11.97
"GG","Fertilized",4,"D14",14.36,9
"GG","Fertilized",4,"D14",14.88,11.34
"GG","Fertilized",4,"D14",17.56,13.55
"GG","Fertilized",4,"D14",13.75,17.63
"GG","Fertilized",4,"D14",17.52,10.8
"GG","Fertilized",4,"D14",14.45,14.11
"GG","Fertilized",4,"D14",10.53,5.96
"GG","Fertilized",4,"D14",16.42,9.18
"GG","Fertilized",4,"D14",16.67,8.46
"GG","Fertilized",4,"D14",13.63,8.88
"GG","NonFert",1,"D14",10.32,24.65
"GG","NonFert",1,"D14",9.12,43.5
"GG","NonFert",1,"D14",10.02,41.01
"GG","NonFert",1,"D14",8.4,35.4
"GG","NonFert",1,"D14",9.45,13.87
"GG","NonFert",1,"D14",9.13,22.23
"GG","NonFert",1,"D14",9.24,11.32
"GG","NonFert",1,"D14",5.64,6.04
"GG","NonFert",2,"D14",10.85,31.36
"GG","NonFert",2,"D14",11.06,34.5
"GG","NonFert",2,"D14",8.93,28.04
"GG","NonFert",2,"D14",9.62,20.56
"GG","NonFert",2,"D14",9.72,11.11
"GG","NonFert",2,"D14",10.14,28.57
"GG","NonFert",2,"D14",8.46,9.72
"GG","NonFert",2,"D14",10.31,25.51
"GG","NonFert",2,"D14",9.05,8.81
"GG","NonFert",3,"D14",12.19,21.29
"GG","NonFert",3,"D14",13.83,30.69
"GG","NonFert",4,"D14",8.39,12.8
"GG","NonFert",4,"D14",12.02,10.47
"GG","NonFert",4,"D14",11.23,6.87
"GG","NonFert",4,"D14",16.02,27.67
"GG","NonFert",4,"D14",10.32,11.62
"GG","NonFert",4,"D14",9.33,7.98
"GG","NonFert",4,"D14",9.3,25.41
"GG","Radar",1,"D14",4.93,4
"GG","Radar",1,"D14",4.8,2.9
"GG","Radar",2,"D14",6.64,4
"GG","Radar",2,"D14",8,6.39
"GG","Radar",2,"D14",12.2,17.77
"GG","Radar",2,"D14",10.12,14.37
"GG","Radar",2,"D14",10.83,12.39
"GG","Radar",2,"D14",12.98,41.67
"GG","Radar",3,"D14",7.64,12.28
"GG","Radar",3,"D14",12.88,12.95
"GG","Radar",3,"D14",4.47,10.05
"GG","Radar",3,"D14",7.54,12.05
"GG","Radar",3,"D14",5.29,5.73
"GG","Radar",3,"D14",11.4,20.24
"GG","Radar",3,"D14",5.14,8.13
"GG","Radar",3,"D14",10.04,9.22
"GG","Radar",4,"D14",4.46,7.82
"GG","Radar",4,"D14",9.45,13.8
"GG","Radar",4,"D14",6.11,4.73
"GG","Radar",4,"D14",7.95,8.07
"GG","Radar",4,"D14",8.07,11.83
"GG","Radar",4,"D14",9.1,23.81
"GG","Radar",4,"D14",6.08,12.97
"GG","Radar",4,"D14",9,21.13
"GG","Radar",4,"D14",6.25,9.54
"GG","Radar",4,"D14",9.95,17.59
"GG","Cardinal",1,"D14",8.63,26.02
"GG","Cardinal",1,"D14",6.18,13.96
"GG","Cardinal",1,"D14",5.22,14.58
"GG","Cardinal",1,"D14",9.79,17.11
"GG","Cardinal",1,"D14",7.22,10.68
"GG","Cardinal",1,"D14",3.67,2.92
"GG","Cardinal",1,"D14",5.92,8.23
"GG","Cardinal",1,"D14",5.92,4.92
"GG","Cardinal",1,"D14",6.14,21.16
"GG","Cardinal",1,"D14",8.54,30.3
"GG","Cardinal",1,"D14",9.25,12.38
"GG","Cardinal",2,"D14",8.76,14.69
"GG","Cardinal",2,"D14",7.16,7.28
"GG","Cardinal",2,"D14",7.02,15.02
"GG","Cardinal",2,"D14",8.61,13.77
"GG","Cardinal",2,"D14",7.94,18.33
"GG","Cardinal",2,"D14",13.76,25.26
"GG","Cardinal",2,"D14",2.99,4.63
"GG","Cardinal",2,"D14",3.66,9.2
"GG","Cardinal",2,"D14",7.37,10.12
"GG","Cardinal",2,"D14",4.73,11.34
"GG","Cardinal",2,"D14",7.96,12.3
"GG","Cardinal",2,"D14",8.39,12.74
"GG","Cardinal",2,"D14",7.31,13.34
"GG","Cardinal",3,"D14",2.97,4.62
"GG","Cardinal",3,"D14",6.06,10.82
"GG","Cardinal",3,"D14",11.13,22.47
"GG","Cardinal",3,"D14",11.73,18.35
"GG","Cardinal",3,"D14",8.41,14.37
"GG","Cardinal",3,"D14",5.59,16.53
"GG","Cardinal",3,"D14",9.34,14.88
"GG","Cardinal",3,"D14",7.89,11.8
"GG","Cardinal",3,"D14",3.78,4.11
"GG","Cardinal",4,"D14",9.55,14.1
"GG","Cardinal",4,"D14",7.8,9.85
"GG","Cardinal",4,"D14",5.95,10.55
"GG","Cardinal",4,"D14",8.96,15.71
"GG","Cardinal",4,"D14",11.41,19.32
"GG","Jetty",1,"D14",10.48,13.06
"GG","Jetty",1,"D14",3.07,2.27
"GG","Jetty",1,"D14",2.8,3.27
"GG","Jetty",1,"D14",5.12,23.54
"GG","Jetty",1,"D14",5.96,4
"GG","Jetty",1,"D14",5.67,3.91
"GG","Jetty",1,"D14",6.94,24.19
"GG","Jetty",1,"D14",7.43,19.8
"GG","Jetty",1,"D14",6.73,16.43
"GG","Jetty",1,"D14",6.12,26.51
"GG","Jetty",1,"D14",7.59,9.38
"GG","Jetty",1,"D14",8.79,22.58
"GG","Jetty",2,"D14",11.24,6.28
"GG","Jetty",2,"D14",9.21,7.06
"GG","Jetty",2,"D14",10.6,3.21
"GG","Jetty",2,"D14",9.87,17.52
"GG","Jetty",2,"D14",9.48,19.12
"GG","Jetty",2,"D14",6.99,6.54
"GG","Jetty",2,"D14",7.78,12.33
"GG","Jetty",2,"D14",8.28,21.24
"GG","Jetty",2,"D14",8.02,12.37
"GG","Jetty",2,"D14",9.88,17.13
"GG","Jetty",2,"D14",6.19,2.1
"GG","Jetty",2,"D14",4.87,5.91
"GG","Jetty",3,"D14",7.56,10
"GG","Jetty",3,"D14",9.51,11.88
"GG","Jetty",3,"D14",12.23,15.21
"GG","Jetty",3,"D14",11.58,14.26
"GG","Jetty",3,"D14",11.23,27.02
"GG","Jetty",3,"D14",12.06,30.35
"GG","Jetty",3,"D14",10.82,7.43
"GG","Jetty",3,"D14",5.28,2
"GG","Jetty",3,"D14",9.17,6.67
"GG","Jetty",3,"D14",4.1,7.77
"GG","Jetty",3,"D14",8.96,5.82
"GG","Jetty",3,"D14",18.44,18.82
"GG","Jetty",3,"D14",7.68,9.56
"GG","Jetty",3,"D14",6.89,18.05
"GG","Jetty",3,"D14",3.2,8.08
"GG","Jetty",4,"D14",8.63,14.56
"GG","Jetty",4,"D14",12.25,21.01
"GG","Jetty",4,"D14",4.55,6.22
"GG","Jetty",4,"D14",11,19.26
"GG","Jetty",4,"D14",10.85,23.37
"GG","Jetty",4,"D14",6.64,7.68
"GG","Jetty",4,"D14",5.74,5.57
"GG","Jetty",4,"D14",9.94,20.95
"GG","Jetty",4,"D14",4.29,7.71
"GG","Jetty",4,"D14",9.48,6.72
"GG","Jetty",4,"D14",6.43,5
"GG","Jetty",4,"D14",3.85,6.9
"GG","Jetty",4,"D14",5.96,3.64
"GG","Jetty",4,"D14",4.39,5.27
"GG","Seamist",1,"D14",7.2,20.11
"GG","Seamist",1,"D14",11,30.58
"GG","Seamist",1,"D14",8.63,16.65
"GG","Seamist",1,"D14",7.15,15.86
"GG","Seamist",1,"D14",5.98,27.01
"GG","Seamist",1,"D14",9.17,33.98
"GG","Seamist",1,"D14",13.4,38.6
"GG","Seamist",1,"D14",6.67,28.16
"GG","Seamist",1,"D14",9.23,29.63
"GG","Seamist",1,"D14",9.59,17.42
"GG","Seamist",1,"D14",7.05,15.29
"GG","Seamist",1,"D14",3.31,8.84
"GG","Seamist",2,"D14",11.2,19.56
"GG","Seamist",2,"D14",9.57,14.79
"GG","Seamist",2,"D14",10.06,24.63
"GG","Seamist",2,"D14",13.82,33.3
"GG","Seamist",2,"D14",8.85,19.44
"GG","Seamist",2,"D14",7.9,12.39
"GG","Seamist",3,"D14",10.37,18.69
"GG","Seamist",3,"D14",9.23,3.02
"GG","Seamist",3,"D14",9.36,4.29
"GG","Seamist",3,"D14",9.55,6.22
"GG","Seamist",3,"D14",8.7,8.12
"GG","Seamist",3,"D14",11.87,15.8
"GG","Seamist",3,"D14",12.13,26.2
"GG","Seamist",3,"D14",9.41,9.49
"GG","Seamist",3,"D14",10.15,24.92
"GG","Seamist",3,"D14",7.6,5.56
"GG","Seamist",3,"D14",3.03,4
"GG","Seamist",3,"D14",9.26,19.44
"GG","Seamist",3,"D14",4.82,11.77
"GG","Seamist",3,"D14",7.24,14.4
"GG","Seamist",3,"D14",8.91,17.62
"GG","Seamist",3,"D14",2.77,2.43
"GG","Seamist",3,"D14",11.21,25.05
"GG","Seamist",4,"D14",9.1,10.82
"GG","Seamist",4,"D14",9.65,23.65
"GG","Seamist",4,"D14",11.39,38.81
"GG","Seamist",4,"D14",8.84,9.32
"GG","Seamist",4,"D14",13.09,15
"GG","Seamist",4,"D14",8.74,14.96
"GG","Wicked",1,"D14",12.09,29.15
"GG","Wicked",2,"D14",11.15,28.25
"GG","Wicked",3,"D14",9.93,22.98
"GG","Wicked",3,"D14",7.55,26.85
"GG","Wicked",3,"D14",5.14,10.61
"GG","Wicked",3,"D14",6.13,17.7
"GG","Wicked",3,"D14",4.49,7.55
